mean_fit_time,std_fit_time,mean_score_time,std_score_time,param_glm__alpha,params,split0_test_score,split1_test_score,split2_test_score,split3_test_score,split4_test_score,mean_test_score,std_test_score,rank_test_score
0.07801094055175781,0.002582140428543494,0.00929245948791504,0.0005421654551070416,0.01,{'glm__alpha': 0.01},-60306.290091137475,-43676.61000606378,-46577.12412551778,-31285.080651635242,-37590.19303661547,-43887.05958219395,9750.202746981566,2
0.06889419555664063,0.00632653522558957,0.009822463989257813,0.0007160552737730505,0.03,{'glm__alpha': 0.03},-60349.59308716094,-43545.08873354476,-46562.71891091018,-31119.605701639513,-37569.360591860495,-43829.27340502318,9810.154017343637,1
0.0669586181640625,0.011481515201197489,0.009913778305053711,0.0011358599974015827,0.1,{'glm__alpha': 0.1},-60410.04782734405,-43751.91657745847,-46804.82405478918,-31261.07899044299,-37871.9817795737,-44019.969845921674,9767.793761975752,3
0.050379037857055664,0.0013294503966271298,0.009169769287109376,0.0003536641894590675,0.3,{'glm__alpha': 0.3},-60511.394532298305,-44472.09263609045,-47175.24315756367,-32069.985816442495,-38500.14307352517,-44545.77184318402,9529.06627194323,4
0.05540776252746582,0.007574422100837786,0.009819269180297852,0.0011053450765978585,1.0,{'glm__alpha': 1},-60769.20468674386,-45122.0807962826,-47682.34264648651,-34129.69256805493,-39342.80609328965,-45409.225358171505,9002.30839108141,5
0.05055012702941895,0.0015688319955360673,0.009060335159301759,0.0003179061353783059,3.0,{'glm__alpha': 3},-61300.56128511336,-45409.63353280198,-48472.826900859545,-38062.82829829186,-40414.75846972454,-46732.121697358256,8149.6526031716585,6
0.04846367835998535,0.001684506921983545,0.008803272247314453,0.00014721737011142328,10.0,{'glm__alpha': 10},-62118.80193732553,-45902.32036551069,-49494.16868859998,-42883.4306760449,-41833.4474010099,-48446.4338136982,7337.336095849162,7
0.049832820892333984,0.0008352954683251842,0.009359455108642578,0.00022075601494970945,30.0,{'glm__alpha': 30},-62592.61532831246,-46247.476000830444,-50063.85179861512,-45289.67788054273,-42605.692182559986,-49359.86263817215,7035.247224958666,8
0.050354719161987305,0.0014146406898570246,0.009607028961181641,0.0005205802363446865,100.0,{'glm__alpha': 100},-62809.46131104826,-46413.678335663695,-50320.69546872441,-46309.61011259515,-42947.20063568217,-49760.129172742745,6929.936710656555,9
