mean_fit_time,std_fit_time,mean_score_time,std_score_time,param_glm__alpha,params,split0_test_score,split1_test_score,split2_test_score,split3_test_score,split4_test_score,mean_test_score,std_test_score,rank_test_score
9.220215654373169,0.8462935461707127,0.4190673351287842,0.017684771098817793,0.01,{'glm__alpha': 0.01},-61649.75404149118,-43192.96704564782,-45569.372119732994,-31961.00782504797,-38701.22463142265,-44214.86513266852,9873.313188932627,2
7.3581287384033205,0.11711507829528155,0.40555706024169924,0.01968394959391736,0.03,{'glm__alpha': 0.03},-61675.336351887796,-42761.81456140485,-45388.83892640849,-32218.75394322281,-38621.89703880308,-44133.3281643454,9833.74150576216,1
5.800480842590332,0.14900684443224815,0.40230555534362794,0.01029264497217851,0.1,{'glm__alpha': 0.1},-61770.187694813416,-42483.89966641719,-45389.84434113096,-33122.02172424381,-38868.68390208845,-44326.927465738765,9634.689477592932,3
4.904611206054687,0.07361573370664402,0.4075688362121582,0.011510839624843556,0.3,{'glm__alpha': 0.3},-61921.159305234774,-42792.46080414851,-45598.97356026673,-34423.677241818594,-39681.066885351,-44883.46755936392,9291.279614509353,4
4.454665994644165,0.03964143269867381,0.40847177505493165,0.01865762307830773,1.0,{'glm__alpha': 1},-62130.781052880935,-43519.75932304362,-46016.69784882067,-35971.45499552329,-41145.10739714487,-45756.76012348268,8834.023306672882,5
4.3805992603302,0.049709279992212786,0.3983950138092041,0.004413563972126636,3.0,{'glm__alpha': 3},-62449.94403077786,-44479.14971746929,-46924.431122130154,-38022.00777096118,-43155.565819464784,-47006.21969216065,8251.605814224307,6
4.158924865722656,0.10844359658135817,0.40565781593322753,0.006326911254919949,10.0,{'glm__alpha': 10},-62941.07533067561,-45789.1200891107,-48319.392880513464,-40940.2179770503,-45612.59393730791,-48720.480042931595,7498.940008932583,7
4.191863632202148,0.06520182793422302,0.40395584106445315,0.006855504757701779,30.0,{'glm__alpha': 30},-63236.712721124044,-46540.43029121994,-49112.26582816007,-42578.36599703316,-46912.313291720086,-49676.01762585146,7100.097122997902,8
4.3551802158355715,0.04313713521530781,0.4022543430328369,0.014081471526073442,100.0,{'glm__alpha': 100},-63372.37784371487,-46880.54269187624,-49468.17008671965,-43303.23418460223,-47477.8409579422,-50100.43315297103,6928.085892619671,9
